RTX	飛彈／航空引擎	positive	medium	飛彈多年採購與引擎更新共同支持需求，是 PPA 的主要基本面支柱。收入確認與產能爬坡會比公告金額更重要。	AMRAAM 產量提升、GTF 新版本交付及售後維修可擴大現金流。	引擎耐用性、擴產成本與多年合約定價可能壓縮利潤。	追蹤實際交付、營業現金流與引擎維修成本，未來 2–4 季驗證訂單轉化。
GE	航空引擎／鑄件	mixed	medium	引擎供應整合有利中長期產能，但 CPP 整合與 GE9X 技術進度同時提高執行要求。	關鍵鑄件供應改善可加快交付並支援售後市場。	併購成本、整合干擾或 GE9X 耐用性問題可能延後現金回收。	觀察 CPP 交割及產能利用率、GE9X 修正測試與 777X 認證時程。
BA	商用飛機／軍機	mixed	medium	軍機合約與貨機訂單增加長期機會；MAX 認證延後使近期現金流仍具不確定性，對 PPA 是主要事件風險。	新戰機研發與貨機訂單可拉長收入能見度。	認證延遲、固定價格計畫超支與生產品質問題可能抵銷訂單利多。	先看交付量、監管里程碑及自由現金流，再看遠期合約規模。
LMT	飛彈／軍機	positive	medium	PrSM 與 PAC-3 供應鏈進展有助收入持續性；屬 PPA 飛彈採購主題的核心曝險。	產能瓶頸改善、IDIQ 後續任務訂單及盟國採購支持增長。	合約上限未必全用、研發及生產成本可能增加。	追蹤實際撥款、任務訂單、飛彈交付與計畫利潤率。
NOC	戰略系統／國防航太	mixed	medium	戰略飛彈測試與攔截彈框架支撐需求，但長期開發案的時程與成本使獲利路徑較不確定。	Sentinel 飛行測試通過、攔截彈增產落實有助能見度。	重大開發計畫若延誤或超支，可能削弱增長效益。	確認下一個測試節點、成本估計修正及框架轉成訂單的比例。
GD	軍事平台／資訊服務	positive	medium	網路資安長約與彈藥供應布局使收入來源較分散，對 PPA 提供成熟國防業務曝險。	服務合約延續、飛彈產能擴張可帶動收入。	人工與材料成本、政府預算延遲可能影響現金流。	追蹤 GDIT 訂單、各業務利潤率與新增產能的現金投入。
PH	航太控制／工業過濾	mixed	medium	收購擴大過濾平台，也讓 PPA 間接承擔更多一般工業景氣與整合風險。	產品交叉銷售與營運改善有機會提高利潤。	整合費用、債務及工業需求放緩可能壓抑回報。	觀察收購後有機成長、現金轉換與負債下降速度。
HWM	引擎零件／精密鑄件	positive	medium	有機成長提供比單純訂單更直接的需求證據；但客戶自建供應鏈使長期競爭關係值得重估。	引擎產量與高附加價值零件需求可支撐獲利。	客戶垂直整合、原料成本與擴產良率可能壓縮定價空間。	比較訂單、實際產量、利潤率與主要客戶採購比重的變化。
LHX	飛彈推進／國防電子	positive	medium	THAAD 與 PAC-3 多年安排增加能見度，但尚未定案的條款使公告金額不等同已鎖定利潤。	推進系統擴產及穩定採購可提高設備利用率。	價格條款未定、原料與人力成本上升、單一計畫依賴是風險。	追蹤合約定案、產能投資回收與交付進度；與 LMT 的共同曝險一起評估。
HONA	航太設備／引擎系統	mixed	medium	分拆後獨立營運有助聚焦，但營收增長未同步帶動調整後獲利，近期更需要證明利潤恢復。	積壓訂單轉化、分拆費用退坡可改善獲利品質。	獨立營運成本與存貨調整若持續，可能拖累 PPA 航太曝險。	追蹤毛利、調整後 EBIT、一次性費用及自由現金流。
ESLT	國防電子／無人系統	positive	medium	營收與積壓訂單提供需求支持，對 PPA 增加美國以外的國防業務來源。	多國採購與既有訂單交付可推升規模。	出口許可、區域衝突與供應鏈中斷可能延後交付或收款。	追蹤訂單轉換率、地區分布、營運資金與出口限制。
TDG	航太零組件／售後	mixed	medium	持續併購可擴大專用零件平台，但價值創造須高於融資與整合成本。	售後需求、定價能力與新收購協同可支援現金流。	負債、需求下滑及客戶價格壓力可能放大回撤。	看收購後現金流、槓桿及有機成長，區分併購貢獻。
APH	連接器／資料通訊	positive	medium	強勁有機增長為 PPA 帶來 AI 與連接技術曝險，不能只用軍費預算解釋其表現。	訂單出貨比高於 1，有助近期需求能見度。	資料中心投資降溫、併購整合與成長預期過高可能壓抑估值。	觀察訂單、有機成長與利潤率；拆股只調整單位，不作利多打分。
AXON	公共安全／軟體	mixed	medium	產品擴張與可轉債資金支持成長，但毛利率壓力顯示放大收入未必同步放大獲利。	軟體服務與裝置普及可提高長期客戶價值。	新產品投資、服務組合及潛在轉股稀釋增加股價敏感度。	追蹤毛利率、持續性收入及股數變化。
ETN	電力管理／航太設備	mixed	medium	資料中心擴產讓 PPA 受惠於電力基建需求，亦增加與科技資本支出循環的連動。	COL 交易若落實，產能和地區覆蓋可增強。	交易整合、電力設備供應或客戶資本支出放緩會影響回報。	確認交割、增量訂單、有機收入與產能利用率。
PLTR	國防資料／AI 軟體	positive	medium	政府與商業需求同步成長，提升 PPA 的軟體曝險；營運正向不代表目前股價必然上漲。	高增長持續、部署擴張與軟體營運槓桿可提升獲利。	高成長預期、競爭及合約轉化失速可能帶來估值壓縮。	比較下一季成長與市場預期，並留意股酬、現金流及大客戶集中。
RKLB	太空發射／衛星系統	mixed	low	20 次發射合約支持 Electron 業務，Iridium 收購則使公司面臨更大的融資與整合轉型。	任務可靠度與履約頻率提升，併購協同落實可增加規模。	發射失敗、資本支出、收購條件與整合成本可能壓抑現金流。	核對發射時程、收購批准和融資條款；與 IRDM 的持股風險合併觀察。
ATI	高性能合金	positive	medium	上調展望且獲利增長，支持航太材料需求正在轉為財務成果的判斷。	產量、產品組合與高性能材料需求可提高利潤。	原料成本、產線良率或客戶生產延誤可能削弱增長。	看出貨量、利潤率及擴產投資是否依計畫轉成現金。
HEI	航太售後／電子零件	positive	medium	有機成長與獲利增長支持售後平台擴張，對 PPA 提供較分散的航空維修收入來源。	維修需求與替代零件滲透可擴大市場。	收購整合、定價壓力與航空活動放緩可能降低增速。	比較有機成長、收購成長與現金轉換率。
CW	致動器／任務運算	positive	medium	IFPC 供應合約增加國防電子需求能見度；管理交接則需觀察執行延續性。	新裝備生產與任務電腦交付可改善規模。	與主承包商排程連動、成本及交接干擾是風險。	確認 Leidos 合約交付、各部門利潤與管理團隊交接進度。
CRS	特殊合金	mixed	medium	庫藏股反映資本配置意圖，並不能替代航太合金需求與現金創造的證據。	現金充足下的買回與高端合金需求可支持每股價值。	若買回價格偏高或擠壓擴產資金，回報可能有限。	追蹤實際買回、淨負債及合金交付利潤。
WWD	航太／工業控制	mixed	medium	生產整併可能改善長期效率，近期卻須管理搬遷及認證干擾。	工廠整合與控制系統需求可提高利用率。	搬遷停工、客戶認證延誤或成本超支可能拖累交付。	觀察移轉時程、一次性費用、準時交付率與毛利變化。
LDOS	國防資訊／任務服務	positive	medium	網路選擇權年度與 ISR 延續提供收入基礎，可降低部分短期需求不確定性。	既有任務延續與資安服務需求支持現金流。	政府支出延後、人工成本與續約競爭可能壓縮利潤。	追蹤 funded backlog、續約及自由現金流；使用更正後合約值。
CACI	資訊作戰／任務科技	positive	medium	中央司令部合約支持專業任務需求，但後續選擇權仍有條件。	成功續期與能力擴展可延長收入。	選擇權未行使、人力保留及預算調整可能影響成果。	觀察基本期執行、選擇權行使及利潤率。
TXT	軍民用航空／專用系統	mixed	medium	既有獲利改善與自主飛行概念形成雙軌機會；概念機尚不足以推導近期收入增量。	自主技術商業化及航空需求可增加產品市場。	研發支出、認證與商用需求循環可能延後回報。	看正式訂單、認證節點、分部利潤及自由現金流。
KEYS	電子測試／航太通訊	positive	medium	強勁訂單與收入增加 PPA 的測試設備成長來源，但與 AI 及通訊投資循環連動。	客戶研發與資料中心投資延續可支持收入。	資本支出放緩、訂單取消與產品組合轉弱可能影響利潤。	觀察訂單出貨比、持續有機成長與非國防需求。
HII	造艦／無人海上系統	positive	medium	航艦大修與無人艇訂單提供不同期限的工作量，對 PPA 海軍支出曝險偏正向。	訂單執行與無人艇後續採購可支援產能利用。	大型工程工期、熟練人力與固定價格成本風險可能吃掉利潤。	追蹤里程碑交付、造艦利潤率與營運現金流。
DRS	國防感測／電力推進	positive	medium	KDDX 合約拓展國際海軍電力推進業務，但未揭露金額限制了量化判斷。	新平台採用可能帶來後續維護與擴充需求。	艦艇進度、跨國履約與整合測試延後可能影響認列。	留意合約金額後續揭露、平台時程與生產交付。
MOG/A	飛控／精密運動控制	positive	medium	業績與展望改善支持營運執行向好，對 PPA 增加飛控與工業技術來源。	產能效率提升與航空需求可支援獲利。	客戶生產率、供應鏈瓶頸及研發成本可能限制增長。	觀察季度指引兌現、分部利潤及自由現金流。
TDY	感測／影像／航太科技	neutral	low	NASA 合作增加技術機會，但公告沒有足夠金額可判定對近期 EPS 的實質影響。	月球技術若取得後續商業訂單可拓展市場。	研發投入與長期開發時程可能使收益延後。	追蹤後續有價合約、研發費用及核心感測業務需求。
VSAT	衛星通訊	mixed	medium	多軌道服務首筆訂單支持政府市場，規模仍須依實際任務訂單判斷。	多網路整合及後續政府採購可增加服務收入。	競爭、衛星資本支出與合約上限未用滿可能限制回報。	追蹤實際訂單金額、服務毛利、資金需求及負債。
BWXT	核技術／反應爐	positive	low	Janus 選用增加新核能業務的機會，但距離規模收入仍有多個監管及技術階段。	計畫取得持續撥款並成功部署可擴大業務。	監管、建造成本與部署時程可能拖長現金回收。	關注確定合約、許可、測試與里程碑付款。
AVAV	無人系統／定向能	positive	medium	已撥款積壓訂單增長比未定案框架更具支持性，但仍需量產交付兌現。	訂單出貨比高於 1 與無人系統採購可支撐後續收入。	供應鏈、任務驗收與擴產成本可能延後利潤。	看 funded backlog 轉化、毛利與現金流是否同步改善。
CAE	航空訓練／模擬	mixed	medium	收入增加但調整後 EPS 持平，說明規模成長尚未充分轉為每股獲利。	民航與國防訓練需求有助提高設備利用率。	成本、訓練合約定價及加元匯率可能影響美元投資報酬。	觀察訓練中心利用率、訂單出貨比及利潤改善。
KTOS	無人系統／推進技術	positive	low	GEK800 點火是正向技術進展，對 PPA 的主要意義是未來採用機會，非已確定收入。	測試成功後的定型與量產訂單可擴大市場。	工程問題、延後採購與研發現金消耗可能壓抑回報。	依序檢查測試、資格認定、正式採購與生產量。
SARO	引擎維修	positive	medium	印度合作有助擴大售後服務覆蓋，對 PPA 提供航空使用量相關曝險。	送修需求與新客戶取得可提升產能利用。	技師短缺、零件等待與周轉時間拉長可能限制收入。	觀察送修量、周轉日數與合約利潤。
BAH	政府顧問／任務科技	mixed	medium	收購增加任務科技能力，價值仍取決於整合及政府客戶需求。	技術組合擴展與交叉銷售可改善競爭力。	人員流失、整合費用及預算不確定性可能抵銷協同。	追蹤新合約、員工留任、現金轉換與併購整合費用。
HXL	航空複合材料	positive	medium	EPS 改善支持供應鏈復甦，但仍高度依賴客戶實際飛機產量。	飛機增產及複材滲透可提高產線利用率。	主機廠延遲、材料成本及生產良率可能削弱利潤。	比較客戶產量、銷售量、調整後與 GAAP 利潤差異。
TTMI	電路板／射頻系統	mixed	medium	收購增強國防電子能力，同時新增債券利息負擔，回報需看現金流而非僅收入規模。	Epiq 協同與高階射頻需求可提升產品組合。	整合、利息支出與電子設備景氣循環是下行因素。	追蹤收購業績、自由現金流及淨負債。
PL	地球觀測／衛星資料	mixed	medium	高營收增長與經常性合約是優勢，但下一季獲利指引與資本支出顯示成長不會直線前進。	新星座與主權客戶合約可增加資料收入。	發射延後、利用率不足、股權融資及季度收入波動可能壓抑股價。	看衛星驗收、RPO 轉化、GAAP 損益及自由現金流。
MRCY	國防任務電子	neutral	medium	指引重申與管理延續減少部分不確定性，尚未提供新的成長上修證據。	既有改善計畫與任務電子交付可提升獲利。	開發專案損失、成本或交付延遲可能使指引落空。	追蹤原指引兌現、積壓訂單品質與營運資金。
AIR	航空維修／零件服務	mixed	medium	控制權收購若完成可大幅擴大平台，但規模躍升也提高整合與融資要求。	售後市場需求與擴大客戶覆蓋可改善現金流。	交割條件、資金成本及整合不順可能稀釋回報。	先確認交易完成與資本結構，再比較有機收入、利潤與負債。
SAIC	政府 IT／系統整合	positive	medium	續標維持核心收入，有機成長與利潤提供更直接的營運改善證據。	續約、任務支援需求與效率提升可穩定現金流。	續標價格壓力、預算中斷及人力成本可能影響利潤。	區分續約與真正新業務，追蹤有機增長、EBITDA 及自由現金流。
LOAR	專用航太零件	positive	medium	上調展望支持零組件平台成長，但小型供應商仍需證明增長的現金品質。	專用產品需求與售後市場可提高毛利。	併購整合、客戶集中及估值預期過高可能放大波動。	看有機成長、槓桿、現金轉換與交付品質。
KBR	工程／政府服務	mixed	medium	分拆可能釐清業務價值，也可能改變 PPA 未來的產業曝險與持股安排。	獨立資本配置與業務聚焦可能提高效率。	分拆成本、負債分配與指數資格變動仍待確認。	追蹤 Form 10 更新、分拆時程、債務分配與基金持股調整。
KRMN	太空／國防零組件	positive	low	歐洲平台拓展增加可接觸市場，但尚需把整合優勢轉為可持續獲利。	區域國防需求與跨平台銷售可能支持訂單。	跨國整合、資金成本及產線擴張可能拖累現金。	觀察 Walker 整合、訂單、有機成長及負債。
OSK	專用車輛／國防支援	neutral	low	製造示範提升服務能力，但沒有足夠新增訂單證據可據此上修整體獲利。	維修效率與後續採購有機會擴大支援收入。	非國防設備需求放緩、材料與勞工成本可能更影響整體獲利。	區分國防與其他部門訂單，觀察示範是否取得正式合約。
RDW	太空基礎設施	neutral	low	在軌 AI MOU 帶來選擇性機會，現階段仍偏探索性，難以量化為未來 ETF 報酬。	若取得資金和確定任務，可增加航天器整合需求。	商業模式、研發支出及資金不足可能延後回收。	只在正式合約、任務資金及交付時程明確後提高判斷信心。
AMTM	工程／核設施服務	positive	low	優先供應商地位提高獲標可能，但合資分攤與最終條款限制近期量化。	正式合約落實後可增加長期核設施服務收入。	合約未完成、成本變動與合資歸屬差異可能縮小效益。	確認最終合約、公司經濟權益及現金流認列。
DCO	航太結構／電子	neutral	low	長期策略有助理解方向，但目標不等同已實現業績，需要實際交付支持。	產品升級、製程效率及客戶需求可提升利潤。	資本投資超支或成長低於目標可能壓縮回報。	逐季比較營收、利潤率、現金流與管理層里程碑。
OSIS	安全檢查／電子系統	positive	medium	新增貨運檢查訂單支援安全設備需求，對 PPA 提供邊境與物流安全曝險。	安裝後服務及後續訂單可提高收入持續性。	客戶驗收、安裝延遲及地域集中可能影響收款。	追蹤交付、服務比重、應收帳款與利潤率。
VVX	軍事任務維運	positive	low	B-52 任務席位增加支援機會，但公司實際可歸屬價值仍需後續揭露。	既有平台維運需求可支撐長期服務。	席位不代表全部合約值、人力成本與預算延遲可能影響收益。	核對實際分配金額、履約時程與合約利潤。
FLY	登月／太空運輸	mixed	low	新商業客戶與設施為任務擴張鋪路，但成本投入先於可靠的經常性收入。	成功任務及設施利用率提升可建立商業信用。	任務失敗、排程延後與融資稀釋可能造成較大波動。	看已確定任務收入、現金消耗、發射與驗收節點。
IRDM	衛星通訊／併購標的	mixed	medium	正常營運仍重要，但未完成的 RKLB 收購使交易條件成為股價的重要因素。	漫遊商用化或收購順利完成可支持價值。	交易破局、延後或換股對價變化會改變投資結果。	追蹤股東與監管批准、對價區間條款及訂閱服務成長。
ONDS	反無人機／自主系統	positive	low	新品首筆合約支持需求驗證，但量產規模與可重複銷售尚需證實。	驗收通過與後續擴大採購可加速收入。	技術測試、競爭、擴產與資金消耗可能提高風險。	確認海軍研究辦公室驗收、後續訂單及現金存量。
PSN	國防工程／設施服務	positive	medium	太空司令部設施協議提供具體工作量，但工程節點決定收入節奏。	按期履約、後續服務及任務擴充可支持成長。	工程變更、人工成本和政府時程延後可能壓縮收益。	關注里程碑、實際撥款、毛利與收款。
HAWK	射頻訊號情報	positive	low	中東合約擴大國安資料服務需求，單一小型持股對 PPA 的直接貢獻有限。	既有客戶擴約與星座能力提升可增加收入。	地緣政治、客戶集中、衛星運行及融資需求增加不確定性。	看合約續期、收入認列、衛星利用率與現金跑道。
LASR	高功率雷射／定向能	mixed	medium	雷射武器初始訂單支持長期需求，但供應鏈延遲已影響近期收入節奏。	初始任務成功後，後續開發與量產可擴大機會。	延後出貨、低開發利潤與未使用的合約上限可能限制獲利。	追蹤延遲的 1,700 萬美元出貨及後續確定授予，避免只看上限。
VOYG	太空／國防推進	mixed	low	技術合作與募資補充發展資源，實際回報仍依賴認證、訂單與資本紀律。	Anduril 合作若轉成量產可帶來需求。	開發失敗、現金消耗與可轉債稀釋可能抵銷成長。	觀察付費任務、認證、現金用途與潛在股數變動。
CDRE	安全裝備／防護	positive	medium	實際營收與積壓訂單上升，支持防護裝備需求改善，對 PPA 提供小幅多元化。	交付與效率提升可兌現上調展望。	原料、採購時點與客戶預算可能使季度增長波動。	追蹤訂單轉換、現金流與全年指引達成率。
BKSY	地理情報／衛星影像	mixed	low	新通路與衛星技術進展拓展機會，但仍需要使用率和收費訂單證明商業效益。	高解析影像與新客戶採用可擴大服務收入。	發射風險、資料需求不足及資金需求可能延後獲利。	看正式服務啟用、付費使用量、積壓訂單及現金消耗。
SPCX	太空發射／衛星網路	mixed	low	新加入 PPA 的 SpaceX 增加發射與衛星網路曝險；Starship 引擎問題提醒技術時程仍有風險。	任務可靠度與衛星網路擴張可支援長期業務。	工程失敗、龐大資本支出與市場預期落差可能放大股價波動。	追蹤測試修正、NASA 任務進度及經營現金流，不採用未證實併購傳聞。
MDA	衛星系統／太空機器人	mixed	medium	強勁收入與積壓訂單支援成長，但負自由現金流顯示生產擴張仍需資金。	衛星交付與國防太空需求可加快訂單轉化。	營運資金、資本支出、發射時程與加元匯率會影響回報。	追蹤 backlog 轉收入、現金回收與衛星驗收；區分加元財報和美元報價。
AADX	航太製造／防禦系統	mixed	medium	有機與收購成長帶來需求機會，但調整後獲利與 GAAP 大額虧損差距需仔細理解。	超過 11 億美元積壓訂單有助未來產線利用。	股酬、交易費用、債務與整合成本可能影響每股價值。	追蹤 GAAP 與調整後差異、股數、現金流及有機增長。
LYNX	雷達／射頻子系統	positive	low	雷達認證和長期合作有助進入生產供應鏈，但上市歷史短、與 RTX 需求集中使風險較高。	LTAMDS 與 SPY-6 增產可增加零件交付。	客戶集中、資格維持與爬坡成本可能延後收益。	追蹤確定訂單、量產良率及現金流；缺少六月底股價，不計完整第三季漲跌。
AVEX	無人載具／任務科技	mixed	low	新合約與 BlackSea 收購擴大多領域無人系統機會，但同時增加整合與交付要求。	政府無人系統需求及跨產品協同可擴大收入。	收購整合、驗收、競爭及資本需求可能侵蝕報酬。	追蹤確定訂單交付、有機收入及整合成本，不以產品發布等同營收。
