RTX	AMRAAM 多年合約擴大生產規模	Raytheon 宣布取得 207 億美元 AMRAAM 多年生產合約。這是多年履約安排，不能全數當作當期營收或獲利。
RTX	Collins 擴建引擎零件工廠	Collins 宣布增加約 14,000 平方英尺廠房，以支援商用與軍用航空零件需求；實際效益取決於設備投產與交付速度。
RTX	首架 GTF Advantage 動力飛機交付聯合航空	Pratt & Whitney 與聯合航空公布首架採用新版本引擎的飛機交付。耐用性提升是公司的產品主張，仍須觀察實際運行表現。
GE	同意收購 CPP，擴充關鍵鑄件供應	GE Aerospace 簽署收購 Consolidated Precision Products 的協議，目標是增加引擎關鍵鑄件能力。簽約不等於已完成整合。
GE	GE9X 耐用性問題仍需追蹤	Reuters 報導 GE 財務長認為 GE9X 中段密封件的耐用性問題不致延誤 777X 服役。這是管理層判斷，並非監管認證或時程保證。
BA	美國海軍選定 Boeing 執行 F/A-XX	公司宣布獲選設計、製造與交付海軍第六代戰機。早期研發與後續量產、收入認列仍是不同階段。
BA	FAA 指軟體問題將延後 MAX 10 認證	Reuters 引述 FAA 主管表示軟體問題將延後最大型 737 MAX 的認證。這增加交付節奏與現金回收的不確定性。
BA	衣索比亞航空增購貨機	訂單包括 8 架 777-8 貨機與 2 架 777 貨機。訂單有助能見度，但收入仍須依製造、認證及交付認列。
LMT	PrSM Increment 2 取得 12 億美元 IDIQ 合約	第二次海上測試後，美軍授予精準打擊飛彈 Increment 2 不定交期／不定數量合約。上限金額不代表當期全部下單或收入。
LMT	與 GM Defense 加速 PAC-3 零組件供應	公司公布合作後不到一個月即交付首批關鍵零件。這是供應鏈進展，整體產能仍取決於後續持續供應。
NOC	Sentinel 完成惰性飛彈組裝里程碑	公司與空軍完成非作戰彈體組裝，朝飛行測試推進；尚不能等同正式部署或完成全部開發風險。
NOC	30 億美元框架協議支援攔截彈增產	與美國國防部門及 Lockheed Martin 達成多年生產框架。後續訂單、撥款與交付決定收入落實程度。
GD	GDIT 取得國民兵網路與資安合約	公司公布 13 億美元企業網路運作及資安支援合約，服務陸軍國民兵。合約總值與逐年實際收入不同。
GD	飛彈產能獲七年合作安排支持	Reuters 報導美國國防部門與 GD-OTS、Lockheed Martin 簽署七年增產協議。產能建置與政府採購節奏需持續確認。
PH	完成 Filtration Group 收購	Parker 宣布收購交割完成，擴大工業過濾業務。產品組合更加多元，也帶來整合與資金配置需求。
PH	2026 財年第四季與全年業績創紀錄	公司公布截至 2026 財年末的季度與全年業績，表示達成紀錄水準；財年期間不等同曆年第四季。
HWM	第二季營收增長 24%，有機增長 21%	公司公布第二季營收年增 24%、有機增長 21%，GAAP 與調整後每股盈餘均為 1.33 美元。增長與現金創造支持擴產能力。
HWM	客戶 GE 收購鑄件商，供應鏈競爭值得觀察	Reuters 訪問 Howmet 執行長，表示對 GE 收購 CPP 持正面態度，並持續努力滿足引擎零件需求。客戶垂直整合的長期影響仍待觀察。
LHX	THAAD 推進系統獲多年合約	公司宣布自 Lockheed Martin 取得七年、超過 60 億美元且條款尚未完全定案的合約。需追蹤最終價格、成本與交付安排。
LHX	PAC-3 MSE 推進系統合約達 47 億美元	七年合約由 Lockheed Martin 授予，仍屬未完全定案的合約。與 PPA 內其他飛彈供應商有共同計畫曝險，不能把相關合約金額簡單相加。
TDG	完成 Prince & Izant 收購	TransDigm 宣布完成收購航太材料與接合產品供應商，延伸零組件平台。後續應觀察整合後的獲利與債務承擔。
AXON	發行 10 億美元零息可轉換債定價	公司宣布 2031 年到期可轉換債的定價，票面利率為零。零息不代表沒有資金成本，仍有轉股稀釋與到期償還風險。
AXON	服務組合及新產品擴張壓低毛利率	Reuters 報導第二季毛利率下降，原因包括較低利潤的專業服務比重提高及新產品擴張投入。收入增長需要搭配利潤品質評估。
ETN	同意收購 COL Group 擴充電力設備能力	Eaton 宣布簽署收購協議，以增加歐洲、中東與非洲的資料中心及公用事業製造能力。這類需求屬 PPA 持股中的非軍工成長來源。
RKLB	Synspective 簽訂 20 次 Electron 發射合約	公司宣布有史以來最大的 Electron 商業發射合約。20 次發射是未來履約量，不能視為已完成任務或立即營收。
RKLB	宣布收購 Iridium，交易仍待完成	公司於 6 月 29 日宣布企業價值約 80 億美元的收購，對價包含現金與受區間條款影響的股票。交易尚待批准；PPA 同時持有雙方，風險會連動。
ATI	第二季優於原展望並上調全年預期	公司公布淨利年增 50%、調整後 EBITDA 年增 37%、GAAP 每股盈餘年增 56%，並提高全年展望。這反映航太材料需求，但展望仍有執行風險。
CW	獲 Leidos 約 4,000 萬美元供應合約	Curtiss-Wright 將供應陸軍間接火力防護計畫的機電致動及任務運算設備。它與 LDOS 的曝險涉及同一採購鏈。
CW	公布預定領導層交接	公司宣布管理階層繼任安排。應觀察交接期間既有業務策略與交付紀律是否延續，不能把人事公告直接解讀為財務改善。
CRS	新增 10 億美元庫藏股授權	董事會在完成前次授權後，再批准 10 億美元買回計畫。授權並不等於全部買回已執行，金額與時點取決於資本配置。
WWD	規劃轉移航太控制系統生產據點	公司計畫將加州 Santa Clarita 的相關生產移往南卡羅來納 Spartanburg。整合可能改善效率，搬遷過程也需維持品質與供貨。
LDOS	ARTEMIS 空中偵察支援任務延長	公司宣布延續為美軍提供 ARTEMIS 空中情報、監視與偵察支援，提升任務服務的持續性；實際收入仍依合約執行認列。
LDOS	海軍網路合約金額更正為 9.26 億美元	9 月 16 日更正版指出第二個選擇權年度價值為 9.26 億美元，原公告的 8.75 億美元有誤。服務涵蓋超過 65 萬名海軍及陸戰隊人員。
CACI	中央司令部資訊作戰支援合約獲選	合約包括一年基本期與四個選擇權期間，支援資訊優勢及非正規作戰。選擇權需獲行使，不能直接當作確定多年收入。
TXT	與 Merlin 推出 SkyCourier UX 概念機	構想結合 Cessna SkyCourier 與 Merlin Pilot 自主技術。這是產品概念，尚不等同量產訂單或認證完成。
TXT	第二季每股淨利改善	公司公布第二季 GAAP 每股淨利 1.42 美元，上年同期為 1.35 美元。評估時應另觀察業務組合及現金流，而非僅看 EPS。
KEYS	第三財季營收達 18.5 億美元	公司公布營收由上年 13.5 億增至 18.5 億美元，GAAP EPS 2.30 美元；連續第二季訂單超過 20 億美元，並改善全年展望。
HII	取得 10 艘 ROMULUS 無人水面艇合約	美國海軍授予 10 艘無人艇建造合約。訂單支持無人海上系統布局，但交付測試與量產成本仍是關鍵。
HII	Truman 航艦換料大修合約約 51 億美元	Newport News Shipbuilding 獲授約 50.9997 億美元航艦核燃料更換與複雜大修合約。大型工程將分期履約，並非單季營收。
DRS	取得韓國新一代驅逐艦電力推進合約	Leonardo DRS 與 Doosan Enerbility 簽訂合約，提供韓國海軍 KDDX 計畫的電力推進系統。公告未揭露金額，這裡不推估合約價值。
MOG/A	第三財季創紀錄並上調全年指引	Moog 公布 2026 財年第三季業績並提高全年展望。此處研究的是 A 類股 MOG/A，股價來源使用 MOG.A 代碼。
TDY	獲選與 NASA 合作月球電力技術	Teledyne Energy Systems 獲選參與 NASA 月球電力技術合作。研發合作不等同已取得商業量產收入。
VSAT	海軍陸戰隊多軌道連線合約首筆任務訂單	Viasat 宣布取得首筆任務訂單，所屬整體服務合約上限為 3.07 億美元。上限不是該筆訂單或保證收入。
BWXT	BANR 獲美軍 Janus 計畫選用	公司宣布其先進核反應爐技術獲選支援 Janus 計畫。選用之後仍有設計、監管、部署及驗收工作。
AVAV	第一財季營收 4.805 億美元、已撥款積壓訂單創高	2027 財年第一季營收年增 6%，訂單出貨比 1.4；已撥款積壓訂單達 15 億美元、年增 37%。訂單仍需逐步生產交付。
KTOS	與 GE 的 GEK800 引擎完成首次點火	雙方宣布巡弋飛彈推進系統完成重要工程里程碑。點火成功是測試進展，尚不能視為量產、定型或大額採購承諾。
SARO	與 GMR 合作支援印度航空維修市場	StandardAero 與 GMR Aero Technic 合作，拓展印度營運商的引擎售後服務。實際增量取決於送修量、人員與產能。
BAH	完成 Ultra I&C Mission Solutions 收購	Booz Allen 完成先前宣布的業務收購，增加任務科技能力。後續重點是整合效率、人才保留與合約協同效益。
HXL	第二季 EPS 較去年改善	Hexcel 公布 GAAP EPS 0.64 美元，相較去年 0.17 美元；調整後 EPS 為 0.66 美元。複合材料需求仍受飛機實際生產率影響。
TTMI	完成 Epiq Solutions 收購	TTM 宣布完成射頻及任務系統業務收購，增強航太國防產品組合。整合成效將影響收購後的獲利品質。
TTMI	5 億美元、6.75% 債券完成定價	公司宣布 2034 年到期優先債券定價。新資金提供投資彈性，固定利息支出也提高持續現金流要求。
PL	第二財季營收增長 58%，仍有 GAAP 虧損	營收 1.161 億美元、調整後 EBITDA 1,390 萬美元，GAAP 淨損 940 萬美元。公司預期下一季調整後 EBITDA 仍可能虧損；季度獲利不能線性外推。
PL	Pelican-12 運抵發射場	公告及更正照片確認衛星已抵發射場。運抵、發射、在軌驗收與商業服務是不同里程碑。
MRCY	延長執行長合約並重申既有展望	公司延長 Bill Ballhaus 聘任安排，同時重申既有業績指引。重申代表維持預期，並非調升展望。
AIR	公布 2027 財年第一季結果	AAR 公布第一財季業績，提供航空售後平台經營近況。財季與曆季不同，須配合官方報表期間閱讀。
AIR	同意取得 MRO Holdings 控制權	公司預期交易可增加超過 10 億美元年營收規模，但這是併購假設而非已認列收入。協議宣布時仍需完成交割。
SAIC	贏得海關與邊境保護局 7.42 億美元續標	公司獲得旅客及貨運安全系統支援任務訂單。續標有助維持收入基礎，不應全數視為相較既有業務的新增收入。
SAIC	第二財季營收與有機增長改善	營收 18.8 億美元、年增約 6.3%，有機增長 5.3%；調整後 EBITDA 1.93 億美元、利潤率 10.3%。
LOAR	第二季創紀錄並上調全年展望	Loar 公布第二季紀錄業績並提高 2026 年預期。後續需追蹤航太零件成長能否轉為現金流，而非僅擴大規模。
KBR	為 Trinzic 分拆提交 Form 10	KBR 為預定分拆的 MTS 業務公開提交註冊文件。這是程序進展，分拆尚未因此自動完成，資本結構仍需追蹤。
KRMN	完成 Walker 收購，擴展歐洲市場	Karman 宣布完成收購以建立歐洲國防成長平台。取得市場入口後，訂單轉化與整合成本仍決定回報。
OSK	示範前線需求端製造能力	Oshkosh Defense 與海軍陸戰隊維修單位完成製造示範。此公告屬技術能力驗證，未據此推定新採購金額。
OSK	公布第二季業績	公司公布 2026 年第二季結果。Oshkosh 包含多種專用車輛及設備業務，不能只用國防採購概括整家公司。
RDW	與 Sophia Space 簽署軌道資料中心 MOU	雙方探索太空部署結構、航天器整合及在軌 AI 運算合作。合作備忘錄不是具保證金額的確定訂單。
AMTM	合資企業成為 Sellafield 優先供應商	Amentum 的合資企業獲選為英國核場址資產維護與建設計畫的優先供應商。優先資格、最終合約及合資分攤收入需分開判讀。
DCO	投資人日提出 VISION 2032	Ducommun 發表長期策略。管理層目標屬前瞻規劃，必須靠訂單、營收與利潤率實際進度驗證。
OSIS	取得北美貨運檢查相關 2,300 萬美元訂單	OSI Systems 安全部門宣布取得相關訂單。交付、安裝及後續支援的時點決定收入認列。
VVX	獲 B-52 長程防區外飛彈支援任務席位	V2X 取得一項總值 4,600 萬美元交付訂單中的席位。公告的整體金額不可直接當作 V2X 當期全部收入。
FLY	Starcloud 成為月球資料中心展示客戶	Firefly 宣布商業合作，將展示月球周邊資料中心能力。任務交付與技術驗證尚待後續進展。
FLY	完成新無塵室，增加航天器製造能力	新設施可支援 Blue Ghost 登月器與 Elytra 軌道載具生產。產能增加需與訂單、資金與成功任務配合。
IRDM	完成衛星語音訊息展示與漫遊合作	Iridium、Deutsche Telekom IoT 與 Toyota 示範衛星語音訊息；新漫遊協議延伸 IoT 覆蓋。技術展示不等於已大規模收費商用。
IRDM	Rocket Lab 收購案讓股價曝險轉向交易條件	6 月 29 日公布的收購對價包括現金及有區間條款的 RKLB 股票，交易仍待完成。不能把公告時名目對價當作保證兌現的價格。
ONDS	推出長程 Dronebuster REACH	首套系統已簽約，預定完成驗收測試後交付海軍研究辦公室。產品推出、驗收及後續量產採購仍是不同階段。
PSN	取得太空司令部新總部 8,500 萬美元協議	Parsons 獲授 OTA 協議，支援位於 Redstone Arsenal 的新指揮設施。工程執行及階段性履約影響收入節奏。
HAWK	中東訊號情報合約約 1,800 萬美元	HawkEye 360 公布區域客戶合約，擴大既有國安任務合作。實際回報需觀察資料交付與收款。
LASR	第二季增長強勁，但供應鏈延後部分出貨	營收 8,260 萬美元、年增 33.8%；公司表示第三季指引排除約 1,700 萬美元延後交付的產品收入。公告對指引中點的文字與區間不一致，本頁不引用該中點。
LASR	雷射武器初始合約 4,400 萬美元	JLWS 初始授予金額為 4,400 萬美元；包括後續開發的計畫上限達 6.27 億美元。上限與已確定授予必須區分。
VOYG	與 Anduril 建立武器及推進技術合作	戰略合作涵蓋開發、測試、認證與生產。合作關係擴大商機，但不等同所有未來採購已經確定。
VOYG	完成 4.025 億美元可轉換債發行	公司完成零息可轉換優先債發行。這補充資金，也增加將來轉股稀釋或償債的可能。
CDRE	上調全年營收展望，積壓訂單創高	公司把全年營收預期提高至 7.49–7.69 億美元；第二季營收 2.071 億美元、年增約 32%，積壓訂單達 3.68 億美元。
BKSY	成為 SkyFi 在 Robinhood 應用中的影像供應商	BlackSky 宣布新的衛星情報分銷管道。新增接觸客群不等於已揭露大額營收，需要觀察付費使用量。
BKSY	第五顆 Gen-3 完成首次成像	公司宣布衛星在數小時內取得首次影像。首次成像是技術里程碑，後續品質驗收與商業利用率仍需確認。
HONA	第二季收入增長，但獲利受分拆等費用影響	Honeywell Aerospace 第二季營收 45.22 億美元、年增 5%；調整後 EBIT 年減 7%，公司更新全年展望。此標的是分拆後 HONA，不是 HON。
ESLT	第二季成長與 320 億美元積壓訂單	Elbit 第二季營收約 22.87 億美元，上年同期約 19.73 億美元；積壓訂單約 320 億美元。長期能見度改善，但交付與地緣政治限制仍重要。
APH	第二季營收 88 億美元，有機增長 30%	營收年增 55%，包含併購影響；訂單 107 億美元、訂單出貨比 1.23。AI 資料通訊需求是成長來源之一，不能全數歸為國防需求。
APH	宣布一股拆為兩股	股票分割改變每股單位，不會自行增加公司價值。本頁使用來源已調整分割的歷史收盤序列，避免把拆股誤判為價格暴跌。
PLTR	第二季營收年增 93%	營收約 19.35 億美元；美國商業收入年增 149%，美國政府收入年增 90%。這是已公布的營運成長，未來股價仍取決於能否超越市場預期。
HEI	第三財季淨利增長 33%、營收增長 23%	HEICO 公布季度淨利約 2.354 億美元，有機營收增長 14%。本頁 HEI 指航太供應商 HEICO，不是夏威夷電力。
CAE	第一財季收入增長，全年展望維持	營收 11.734 億加元、年增 6.8%；調整後 EPS 0.26 加元持平，GAAP EPS 0.10 加元低於去年 0.18。財報為加元，持股報價為美國掛牌美元。
LYNX	獲 Raytheon 多年 LTAMDS 雷達生產合作	Lyntris 宣布在擴大長期採購協議下支援 LTAMDS 雷達生產。合約與 RTX 的需求連動，不是獨立於大型持股的風險來源。
LYNX	完成 SPY-6 雷達關鍵組件資格認定	歷時兩年的認證工作與 Raytheon、美國海軍合作完成，有助降低供應鏈風險。資格認定仍需轉化為實際交付量。
AVEX	新增 2,050 萬美元單向攻擊系統合約	AEVEX 宣布取得美國政府新訂單，支援交付及持續研發。訂單有助量產需求，但驗收與成本控制決定獲利。
AVEX	完成 BlackSea Technologies 收購	公司宣布收購交割完成，擴充無人水面與水下系統。跨領域業務的整合效率及資金需求值得追蹤。
SPCX	Starship 引擎故障可能影響月球任務目標	Reuters 報導 Starship 引擎問題對 NASA 月球任務的潛在影響。技術進度與時間表仍有不確定性，不能把測試或市場熱度當作保證收入。
AADX	第二季營收增長，但 IPO 相關費用造成虧損	營收 1.673 億美元、年增 47.4%；調整後 EBITDA 3,640 萬美元，GAAP 淨損 1.54 億美元，主要受上市相關股酬及交易費用影響。積壓訂單約 11.3 億美元。
MDA	第二季營收增長 34%，自由現金流仍為負	營收 4.99 億加元、調整後 EBITDA 9,600 萬加元，積壓訂單約 40 億加元；自由現金流為負 1.50 億加元。財報數字為加元，股價採 NYSE 美元掛牌。
