rank,ticker,name,weight,shares,marketValue,currency,securityType,type,cusip,quoteTicker,holdingImpliedPrice
1,GE,General Electric Co,9.101201,2156895,673576739.55,USD,Common Stock,COM,369604301,GE,312.28999999999996
2,RTX,RTX Corp,9.043031,3605018,669271591.7,USD,Common Stock,COM,75513E101,RTX,185.65
3,BA,Boeing Co/The,8.753973,3482282,647878566.1,USD,Common Stock,COM,097023105,BA,186.05
4,LMT,Lockheed Martin Corp,8.022435,1165906,593737630.5,USD,Common Stock,COM,539830109,LMT,509.25
5,GD,General Dynamics Corp,5.212593,1162590,385782239.7,USD,Common Stock,COM,369550108,GD,331.83
6,NOC,Northrop Grumman Corp,4.72478,723255,349679327.4,USD,Common Stock,COM,666807102,NOC,483.47999999999996
7,HWM,Howmet Aerospace Inc,4.149635,1357826,307113084.68,USD,Common Stock,COM,443201108,HWM,226.18
8,HONA,Honeywell Aerospace Inc,3.829534,1828886,283422463.42,USD,Common Stock,COM,43849R105,HONA,154.97
9,LHX,L3Harris Technologies Inc,3.78017,1181557,279769066.46,USD,Common Stock,COM,502431109,LHX,236.77999999999997
10,PH,Parker-Hannifin Corp,3.688344,285710,272973048.2,USD,Common Stock,COM,701094104,PH,955.42
11,TDG,TransDigm Group Inc,3.380738,231117,250207264.2,USD,Common Stock,COM,893641100,TDG,1082.6
12,ESLT,Elbit Systems Ltd,2.685958,291472,198786818.72,USD,Common Stock,COM,M3760D101,ESLT,682.01
13,APH,Amphenol Corp,2.366954,2074169,174852446.7,USD,Common Stock,COM,032095101,APH,84.3
14,AXON,Axon Enterprise Inc,2.095974,367136,155122302.72,USD,Common Stock,COM,05464C101,AXON,422.52
15,ETN,Eaton Corp PLC,2.052828,353562,151929127.02,USD,Common Stock,COM,G29183103,ETN,429.71000000000004
16,PLTR,Palantir Technologies Inc,1.675858,663083,124029675.15,USD,Common Stock,COM,69608A108,PLTR,187.05
17,ATI,ATI Inc,1.499051,585767,110944269.8,USD,Common Stock,COM,01741R102,ATI,189.4
18,HEI,HEICO Corp,1.233003,300990,91254148.2,USD,Common Stock,COM,422806109,HEI,303.18
19,CW,Curtiss-Wright Corp,1.212674,164943,89699302.26,USD,Common Stock,COM,231561101,CW,543.82
20,CRS,Carpenter Technology Corp,1.103952,210131,81703135.42,USD,Common Stock,COM,144285103,CRS,388.82
21,WWD,Woodward Inc,1.038968,234011,76893674.49,USD,Common Stock,COM,980745103,WWD,328.59
22,RKLB,Rocket Lab Corp,1.033554,1097775,76492962,USD,Common Stock,COM,773121108,RKLB,69.68
23,SPCX,Space Exploration Technologies Corp,0.944827,463518,69926325.48,USD,Common Stock,COM,84615Q103,SPCX,150.86
24,LDOS,Leidos Holdings Inc,0.942838,572758,69779107.14,USD,Common Stock,COM,525327102,LDOS,121.83
25,CACI,CACI International Inc,0.925998,112513,68532793.43,USD,Common Stock,COM,127190304,CACI,609.11
26,HII,Huntington Ingalls Industries Inc,0.891937,247171,66011958.97,USD,Common Stock,COM,446413106,HII,267.07
27,TXT,Textron Inc,0.862637,837553,63821538.6,USD,Common Stock,COM,883203101,TXT,76.2
28,KEYS,Keysight Technologies Inc,0.748137,152097,55369391.88,USD,Common Stock,COM,49338L103,KEYS,364.04
29,MOG/A,Moog Inc,0.745347,144606,55162850.82,USD,Common Stock,COM,615394202,MOG/A,381.47
30,VSAT,Viasat Inc,0.732423,770196,54206394.48,USD,Common Stock,COM,92552V100,VSAT,70.38
31,DRS,Leonardo DRS Inc,0.732077,1479137,54180788.31,USD,Common Stock,COM,52661A108,DRS,36.63
32,BWXT,BWX Technologies Inc,0.711452,384338,52654306,USD,Common Stock,COM,05605H100,BWXT,137.0
33,TDY,Teledyne Technologies Inc,0.699356,85297,51759072.57,USD,Common Stock,COM,879360105,TDY,606.8100000000001
34,CAE,CAE Inc,0.640208,1973410,47381574.1,USD,Common Stock,COM,124765108,CAE,24.01
35,KTOS,Kratos Defense & Security Solutions Inc,0.616259,1068380,45609142.2,USD,Common Stock,COM,50077B207,KTOS,42.690000000000005
36,AVAV,AeroVironment Inc,0.583159,303469,43159361.18,USD,Common Stock,COM,008073108,AVAV,142.22
37,SARO,StandardAero Inc,0.573328,1987439,42431822.65,USD,Common Stock,COM,85423L103,SARO,21.349999999999998
38,BAH,Booz Allen Hamilton Holding Corp,0.549929,586287,40700043.54,USD,Common Stock,COM,099502106,BAH,69.42
39,HXL,Hexcel Corp,0.534479,471361,39556615.12,USD,Common Stock,COM,428291108,HXL,83.91999999999999
40,MRCY,Mercury Systems Inc,0.429698,383154,31801782,USD,Common Stock,COM,589378108,MRCY,83.0
41,MDA,MDA Space Ltd,0.405823,1013662,30034805.06,USD,Common Stock,COM,55293N109,MDA,29.63
42,TTMI,TTM Technologies Inc,0.400107,241060,29611810.4,USD,Common Stock,COM,87305R109,TTMI,122.83999999999999
43,KRMN,Karman Holdings Inc,0.376148,858686,27838600.12,USD,Common Stock,COM,485924104,KRMN,32.42
44,SAIC,Science Applications International Corp,0.353542,205123,26165489.88,USD,Common Stock,COM,808625107,SAIC,127.55999999999999
45,LOAR,Loar Holdings Inc,0.345512,415657,25571218.64,USD,Common Stock,COM,53947R105,LOAR,61.52
46,AIR,AAR Corp,0.336398,245360,24896679.2,USD,Common Stock,COM,000361105,AIR,101.47
47,PL,Planet Labs PBC,0.302417,1365574,22381757.86,USD,Common Stock,COM,72703X106,PL,16.39
48,KBR,KBR Inc,0.249958,523020,18389383.2,USD,Common Stock,COM,48242W106,KBR,35.16
49,FLY,Firefly Aerospace Inc,0.220914,706252,16349733.8,USD,Common Stock,COM,31816X106,FLY,23.150000000000002
50,RDW,Redwire Corp,0.21448,1520460,15873602.4,USD,Common Stock,COM,75776W103,RDW,10.44
51,DCO,Ducommun Inc,0.207226,89406,15336705.24,USD,Common Stock,COM,264147109,DCO,171.54
52,OSK,Oshkosh Corp,0.207027,118941,15321979.62,USD,Common Stock,COM,688239201,OSK,128.82
53,AMTM,Amentum Holdings Inc,0.200333,818245,14826599.4,USD,Common Stock,COM,023939101,AMTM,18.12
54,ONDS,Ondas Inc,0.196262,1981625,14525311.25,USD,Common Stock,COM,68236H204,ONDS,7.33
55,OSIS,OSI Systems Inc,0.191805,73033,14195424.21,USD,Common Stock,COM,671044105,OSIS,194.37
56,VVX,V2X Inc,0.178105,186258,13181478.66,USD,Common Stock,COM,92242T101,VVX,70.77
57,AADX,Applied Aerospace & Defense Inc,0.17588,1082030,13016820.9,USD,Common Stock,COM,03815J107,AADX,12.030000000000001
58,IRDM,Iridium Communications Inc,0.167145,258254,12370366.6,USD,Common Stock,COM,46269C102,IRDM,47.9
59,LASR,nLight Inc,0.126627,240638,9371646.91,USD,Common Stock,COM,65487K100,LASR,38.945
60,PSN,Parsons Corp,0.126,227610,9325181.7,USD,Common Stock,COM,70202L102,PSN,40.97
61,HAWK,Hawkeye 360 Inc,0.125446,614848,9284204.8,USD,Common Stock,COM,420201105,HAWK,15.100000000000001
62,LYNX,Lyntris Inc,0.119439,716342,8839660.28,USD,Common Stock,COM,55173P109,LYNX,12.34
63,VOYG,Voyager Technologies Inc,0.10728,262471,7939747.75,USD,Common Stock,COM,92892B103,VOYG,30.25
64,CDRE,Cadre Holdings Inc,0.080119,236332,5929569.88,USD,Common Stock,COM,12763L105,CDRE,25.09
65,AVEX,Aevex Corp,0.073938,361434,5472110.76,USD,Common Stock,COM,00835T107,AVEX,15.139999999999999
66,BKSY,BlackSky Technology Inc,0.072585,252089,5372016.59,USD,Common Stock,COM,09263B207,BKSY,21.31
67,,SECURITIES LENDING - BNYM,0,1,0.01,USD,Uninvestible Cash,UCURR,BNYMLEND,,
68,USD,CASH & EQUIVALENTS,-0.109813,-8127204.47,-8127204.47,USD,Currency,CURR,CASHUSD00,USD,
69,USDPDV,USD Pending Dividends,,0,507180.08,USD,Currency,CURR,,USDPDV,
